Workbook

Sheet README
A1: MIT-BIH Arrhythmia Database AAMI ECG Classification Dataset Audit
A2: Scientifically Traceable Patient-Level and Dataset-Level Beat Audit Workbook
A4: Audit Metadata & Provenance
A5: Project Title | B5: MIT-BIH Arrhythmia Database AAMI ECG Classification
A6: Purpose | B6: Complete patient-level and dataset-level label distribution audit
A7: Database Name | B7: mitdb
A8: Dataset Path Used | B8: /Users/anshutiwari123/Library/Mobile Documents/com~apple~CloudDocs/resercharrhythmia/data/raw
A9: Audit Date / Timestamp | B9: 2026-09-24 13:43:35
A10: Git Commit Hash | B10: 230d6c87327fe791a751fa52588c6e2ec30fffee
A11: Code Script Used | B11: scratch/generate_excel_audit.py
A12: Python Version | B12: 3.13.3
A13: WFDB Version | B13: 4.3.1
A14: NumPy Version | B14: 2.2.6
A15: PyYAML Version | B15: 6.0.2
A16: OpenPyXL Version | B16: 3.1.5
... A22: Validated 5-Fold Partition | B22: Fold 1: [115, 119, 122, 207, 230], Fold 2: [101, 112, 118, 208, 220], Fold 3: [114, 124, 205, 223], Fold 4: [108, 109, 201, 215], Fold 5: [106, 116, 203, 209]
A24: Scientific Traceability Declaration:
A25: All counts in this workbook are computed directly from the project dataset using the project's existing validated annotation/label convention. Previous experiment summaries are not used as the primary source of counts.

Sheet DS1_PATIENT_LABEL_COUNTS
A1: Record | B1: N | C1: SVEB_A | D1: VEB_PVC | E1: F_VT | F1: Q | G1: Total_Beats | H1: N_Percent | I1: SVEB_A_Percent | J1: VEB_PVC_Percent | K1: F_VT_Percent | L1: Q_Percent
A2: 101 | B2: 1858 | C2: 3 | D2: 0 | E2: 0 | F2: 2 | G2: =SUM(B2:F2) | H2: =B2/G2 | I2: =C2/G2 | J2: =D2/G2 | K2: =E2/G2 | L2: =F2/G2
A3: 106 | B3: 1505 | C3: 0 | D3: 520 | E3: 0 | F3: 0 | G3: =SUM(B3:F3) | H3: =B3/G3 | I3: =C3/G3 | J3: =D3/G3 | K3: =E3/G3 | L3: =F3/G3
A4: 108 | B4: 1738 | C4: 4 | D4: 17 | E4: 2 | F4: 0 | G4: =SUM(B4:F4) | H4: =B4/G4 | I4: =C4/G4 | J4: =D4/G4 | K4: =E4/G4 | L4: =F4/G4
A5: 109 | B5: 2488 | C5: 0 | D5: 38 | E5: 2 | F5: 0 | G5: =SUM(B5:F5) | H5: =B5/G5 | I5: =C5/G5 | J5: =D5/G5 | K5: =E5/G5 | L5: =F5/G5
A6: 112 | B6: 2535 | C6: 2 | D6: 0 | E6: 0 | F6: 0 | G6: =SUM(B6:F6) | H6: =B6/G6 | I6: =C6/G6 | J6: =D6/G6 | K6: =E6/G6 | L6: =F6/G6
A7: 114 | B7: 1818 | C7: 12 | D7: 43 | E7: 4 | F7: 0 | G7: =SUM(B7:F7) | H7: =B7/G7 | I7: =C7/G7 | J7: =D7/G7 | K7: =E7/G7 | L7: =F7/G7
A8: 115 | B8: 1950 | C8: 0 | D8: 0 | E8: 0 | F8: 0 | G8: =SUM(B8:F8) | H8: =B8/G8 | I8: =C8/G8 | J8: =D8/G8 | K8: =E8/G8 | L8: =F8/G8
A9: 116 | B9: 2299 | C9: 1 | D9: 109 | E9: 0 | F9: 0 | G9: =SUM(B9:F9) | H9: =B9/G9 | I9: =C9/G9 | J9: =D9/G9 | K9: =E9/G9 | L9: =F9/G9
A10: 118 | B10: 2164 | C10: 96 | D10: 16 | E10: 0 | F10: 0 | G10: =SUM(B10:F10) | H10: =B10/G10 | I10: =C10/G10 | J10: =D10/G10 | K10: =E10/G10 | L10: =F10/G10
A11: 119 | B11: 1541 | C11: 0 | D11: 444 | E11: 0 | F11: 0 | G11: =SUM(B11:F11) | H11: =B11/G11 | I11: =C11/G11 | J11: =D11/G11 | K11: =E11/G11 | L11: =F11/G11
A12: 122 | B12: 2472 | C12: 0 | D12: 0 | E12: 0 | F12: 0 | G12: =SUM(B12:F12) | H12: =B12/G12 | I12: =C12/G12 | J12: =D12/G12 | K12: =E12/G12 | L12: =F12/G12
A13: 124 | B13: 1534 | C13: 31 | D13: 47 | E13: 5 | F13: 0 | G13: =SUM(B13:F13) | H13: =B13/G13 | I13: =C13/G13 | J13: =D13/G13 | K13: =E13/G13 | L13: =F13/G13
... A23: 230 | B23: 2252 | C23: 0 | D23: 1 | E23: 0 | F23: 0 | G23: =SUM(B23:F23) | H23: =B23/G23 | I23: =C23/G23 | J23: =D23/G23 | K23: =E23/G23 | L23: =F23/G23
A24: DS1_TOTAL | B24: =SUM(B2:B23) | C24: =SUM(C2:C23) | D24: =SUM(D2:D23) | E24: =SUM(E2:E23) | F24: =SUM(F2:F23) | G24: =SUM(B24:F24) | H24: =B24/G24 | I24: =C24/G24 | J24: =D24/G24 | K24: =E24/G24 | L24: =F24/G24

Sheet DS2_PATIENT_LABEL_COUNTS
A1: Record | B1: N | C1: SVEB_A | D1: VEB_PVC | E1: F_VT | F1: Q | G1: Total_Beats | H1: N_Percent | I1: SVEB_A_Percent | J1: VEB_PVC_Percent | K1: F_VT_Percent | L1: Q_Percent
A2: 100 | B2: 2236 | C2: 33 | D2: 1 | E2: 0 | F2: 0 | G2: =SUM(B2:F2) | H2: =B2/G2 | I2: =C2/G2 | J2: =D2/G2 | K2: =E2/G2 | L2: =F2/G2
A3: 103 | B3: 2080 | C3: 2 | D3: 0 | E3: 0 | F3: 0 | G3: =SUM(B3:F3) | H3: =B3/G3 | I3: =C3/G3 | J3: =D3/G3 | K3: =E3/G3 | L3: =F3/G3
A4: 105 | B4: 2524 | C4: 0 | D4: 41 | E4: 0 | F4: 5 | G4: =SUM(B4:F4) | H4: =B4/G4 | I4: =C4/G4 | J4: =D4/G4 | K4: =E4/G4 | L4: =F4/G4
A5: 111 | B5: 2121 | C5: 0 | D5: 1 | E5: 0 | F5: 0 | G5: =SUM(B5:F5) | H5: =B5/G5 | I5: =C5/G5 | J5: =D5/G5 | K5: =E5/G5 | L5: =F5/G5
A6: 113 | B6: 1786 | C6: 6 | D6: 0 | E6: 0 | F6: 0 | G6: =SUM(B6:F6) | H6: =B6/G6 | I6: =C6/G6 | J6: =D6/G6 | K6: =E6/G6 | L6: =F6/G6
A7: 117 | B7: 1532 | C7: 1 | D7: 0 | E7: 0 | F7: 0 | G7: =SUM(B7:F7) | H7: =B7/G7 | I7: =C7/G7 | J7: =D7/G7 | K7: =E7/G7 | L7: =F7/G7
A8: 121 | B8: 1859 | C8: 1 | D8: 1 | E8: 0 | F8: 0 | G8: =SUM(B8:F8) | H8: =B8/G8 | I8: =C8/G8 | J8: =D8/G8 | K8: =E8/G8 | L8: =F8/G8
A9: 123 | B9: 1513 | C9: 0 | D9: 3 | E9: 0 | F9: 0 | G9: =SUM(B9:F9) | H9: =B9/G9 | I9: =C9/G9 | J9: =D9/G9 | K9: =E9/G9 | L9: =F9/G9
A10: 200 | B10: 1741 | C10: 30 | D10: 825 | E10: 2 | F10: 0 | G10: =SUM(B10:F10) | H10: =B10/G10 | I10: =C10/G10 | J10: =D10/G10 | K10: =E10/G10 | L10: =F10/G10
A11: 202 | B11: 2059 | C11: 55 | D11: 19 | E11: 1 | F11: 0 | G11: =SUM(B11:F11) | H11: =B11/G11 | I11: =C11/G11 | J11: =D11/G11 | K11: =E11/G11 | L11: =F11/G11
A12: 210 | B12: 2419 | C12: 22 | D12: 195 | E12: 10 | F12: 0 | G12: =SUM(B12:F12) | H12: =B12/G12 | I12: =C12/G12 | J12: =D12/G12 | K12: =E12/G12 | L12: =F12/G12
A13: 212 | B13: 2745 | C13: 0 | D13: 0 | E13: 0 | F13: 0 | G13: =SUM(B13:F13) | H13: =B13/G13 | I13: =C13/G13 | J13: =D13/G13 | K13: =E13/G13 | L13: =F13/G13
... A23: 234 | B23: 2698 | C23: 50 | D23: 3 | E23: 0 | F23: 0 | G23: =SUM(B23:F23) | H23: =B23/G23 | I23: =C23/G23 | J23: =D23/G23 | K23: =E23/G23 | L23: =F23/G23
A24: DS2_TOTAL | B24: =SUM(B2:B23) | C24: =SUM(C2:C23) | D24: =SUM(D2:D23) | E24: =SUM(E2:E23) | F24: =SUM(F2:F23) | G24: =SUM(B24:F24) | H24: =B24/G24 | I24: =C24/G24 | J24: =D24/G24 | K24: =E24/G24 | L24: =F24/G24

Sheet DATASET_SUMMARY
A1: Dataset Summary Table
A2: Dataset | B2: N | C2: SVEB/A | D2: VEB/PVC | E2: F/VT | F2: Q | G2: Total
A3: DS1 | B3: =DS1_PATIENT_LABEL_COUNTS!B24 | C3: =DS1_PATIENT_LABEL_COUNTS!C24 | D3: =DS1_PATIENT_LABEL_COUNTS!D24 | E3: =DS1_PATIENT_LABEL_COUNTS!E24 | F3: =DS1_PATIENT_LABEL_COUNTS!F24 | G3: =DS1_PATIENT_LABEL_COUNTS!G24
A4: DS2 | B4: =DS2_PATIENT_LABEL_COUNTS!B24 | C4: =DS2_PATIENT_LABEL_COUNTS!C24 | D4: =DS2_PATIENT_LABEL_COUNTS!D24 | E4: =DS2_PATIENT_LABEL_COUNTS!E24 | F4: =DS2_PATIENT_LABEL_COUNTS!F24 | G4: =DS2_PATIENT_LABEL_COUNTS!G24
A5: COMBINED | B5: =B3+B4 | C5: =C3+C4 | D5: =D3+D4 | E5: =E3+E4 | F5: =F3+F4 | G5: =G3+G4
A8: Detailed Label Breakdown
A9: Label | B9: DS1 Count | C9: DS1 % | D9: DS2 Count | E9: DS2 % | F9: Combined Count | G9: Combined %
A10: N | B10: =B3 | C10: =B10/$G$3 | D10: =B4 | E10: =D10/$G$4 | F10: =B10+D10 | G10: =F10/$G$5
A11: SVEB/A | B11: =C3 | C11: =B11/$G$3 | D11: =C4 | E11: =D11/$G$4 | F11: =B11+D11 | G11: =F11/$G$5
A12: VEB/PVC | B12: =D3 | C12: =B12/$G$3 | D12: =D4 | E12: =D12/$G$4 | F12: =B12+D12 | G12: =F12/$G$5
A13: F/VT | B13: =E3 | C13: =B13/$G$3 | D13: =E4 | E13: =D13/$G$4 | F13: =B13+D13 | G13: =F13/$G$5
A14: Q | B14: =F3 | C14: =B14/$G$3 | D14: =F4 | E14: =D14/$G$4 | F14: =B14+D14 | G14: =F14/$G$5
A17: DS1 / DS2 Class Ratio Table
A18: Label | B18: DS1 Count | C18: DS2 Count | D18: DS1 / DS2 Ratio
A19: N | B19: =B10 | C19: =D10 | D19: =IF(D10=0, "N/A", B10/D10)
A20: SVEB/A | B20: =B11 | C20: =D11 | D20: =IF(D11=0, "N/A", B11/D11)
A21: VEB/PVC | B21: =B12 | C21: =D12 | D21: =IF(D12=0, "N/A", B12/D12)
A22: F/VT | B22: =B13 | C22: =D13 | D22: =IF(D13=0, "N/A", B13/D13)
A23: Q | B23: =B14 | C23: =D14 | D23: =IF(D14=0, "N/A", B14/D14)

Sheet DS1_FOLD_DISTRIBUTION
A1: DS1 Patient-Level 5-Fold Stratified Validation Distribution
A2: Fold | B2: Validation Patients | C2: N | D2: SVEB_A | E2: VEB_PVC | F2: F_VT | G2: Q | H2: Total_Beats | I2: N_Percent | J2: SVEB_A_Percent | K2: VEB_PVC_Percent | L2: F_VT_Percent | M2: Q_Percent
A3: Fold 1 | B3: 115, 119, 122, 207, 230 | C3: 9757 | D3: 106 | E3: 654 | F3: 484 | G3: 0 | H3: =SUM(C3:G3) | I3: =C3/H3 | J3: =D3/H3 | K3: =E3/H3 | L3: =F3/H3 | M3: =G3/H3
A4: Fold 2 | B4: 101, 112, 118, 208, 220 | C4: 10092 | D4: 197 | E4: 1007 | F4: 372 | G4: 4 | H4: =SUM(C4:G4) | I4: =C4/H4 | J4: =D4/H4 | K4: =E4/H4 | L4: =F4/H4 | M4: =G4/H4
A5: Fold 3 | B5: 114, 124, 205, 223 | C5: 7964 | D5: 119 | E5: 634 | F5: 34 | G5: 0 | H5: =SUM(C5:G5) | I5: =C5/H5 | J5: =D5/H5 | K5: =E5/H5 | L5: =F5/H5 | M5: =G5/H5
A6: Fold 4 | B6: 108, 109, 201, 215 | C6: 9050 | D6: 135 | E6: 417 | F6: 7 | G6: 0 | H6: =SUM(C6:G6) | I6: =C6/H6 | J6: =D6/H6 | K6: =E6/H6 | L6: =F6/H6 | M6: =G6/H6
A7: Fold 5 | B7: 106, 116, 203, 209 | C7: 8950 | D7: 386 | E7: 1074 | F7: 1 | G7: 4 | H7: =SUM(C7:G7) | I7: =C7/H7 | J7: =D7/H7 | K7: =E7/H7 | L7: =F7/H7 | M7: =G7/H7
A8: TOTAL | B8: All 22 DS1 Patients | C8: =SUM(C3:C7) | D8: =SUM(D3:D7) | E8: =SUM(E3:E7) | F8: =SUM(F3:F7) | G8: =SUM(G3:G7) | H8: =SUM(H3:H7) | I8: =C8/H8 | J8: =D8/H8 | K8: =E8/H8 | L8: =F8/H8 | M8: =G8/H8
A11: Explicit Train/Validation Patient Assignment Table
A12: Fold | B12: Training Patients | C12: Validation Patients
A13: Fold 1 | B13: 101, 106, 108, 109, 112, 114, 116, 118, 124, 201, 203, 205, 208, 209, 215, 220, 223 | C13: 115, 119, 122, 207, 230
A14: Fold 2 | B14: 106, 108, 109, 114, 115, 116, 119, 122, 124, 201, 203, 205, 207, 209, 215, 223, 230 | C14: 101, 112, 118, 208, 220
A15: Fold 3 | B15: 101, 106, 108, 109, 112, 115, 116, 118, 119, 122, 201, 203, 207, 208, 209, 215, 220, 230 | C15: 114, 124, 205, 223
A16: Fold 4 | B16: 101, 106, 112, 114, 115, 116, 118, 119, 122, 124, 203, 205, 207, 208, 209, 220, 223, 230 | C16: 108, 109, 201, 215
A17: Fold 5 | B17: 101, 108, 109, 112, 114, 115, 118, 119, 122, 124, 201, 205, 207, 208, 215, 220, 223, 230 | C17: 106, 116, 203, 209

Sheet PATIENT_MINORITY_SUMMARY
A1: Dataset | B1: Record | C1: SVEB_A | D1: F_VT | E1: SVEB_A + F_VT | F1: VEB_PVC | G1: Total_Beats
A2: DS1 | B2: 207 | C2: 106 | D2: 484 | E2: =C2+D2 | F2: 209 | G2: 2341
A3: DS1 | B3: 209 | C3: 383 | D3: 0 | E3: =C3+D3 | F3: 1 | G3: 3003
A4: DS1 | B4: 208 | C4: 2 | D4: 372 | E4: =C4+D4 | F4: 991 | G4: 2951
A5: DS1 | B5: 201 | C5: 128 | D5: 2 | E5: =C5+D5 | F5: 198 | G5: 1961
A6: DS1 | B6: 118 | C6: 96 | D6: 0 | E6: =C6+D6 | F6: 16 | G6: 2276
A7: DS1 | B7: 220 | C7: 94 | D7: 0 | E7: =C7+D7 | F7: 0 | G7: 2045
A8: DS1 | B8: 223 | C8: 73 | D8: 14 | E8: =C8+D8 | F8: 473 | G8: 2603
A9: DS1 | B9: 124 | C9: 31 | D9: 5 | E9: =C9+D9 | F9: 47 | G9: 1617
A10: DS1 | B10: 114 | C10: 12 | D10: 4 | E10: =C10+D10 | F10: 43 | G10: 1877
A11: DS1 | B11: 205 | C11: 3 | D11: 11 | E11: =C11+D11 | F11: 71 | G11: 2654
A12: DS1 | B12: 108 | C12: 4 | D12: 2 | E12: =C12+D12 | F12: 17 | G12: 1761
A13: DS1 | B13: 215 | C13: 3 | D13: 1 | E13: =C13+D13 | F13: 164 | G13: 3359
... A45: DS2 | B45: 212 | C45: 0 | D45: 0 | E45: =C45+D45 | F45: 0 | G45: 2745

Sheet LABEL_DISTRIBUTION
A1: Combined AAMI Label Distribution & Visual Chart
A2: Label | B2: DS1 Count | C2: DS1 % | D2: DS2 Count | E2: DS2 % | F2: Combined Count | G2: Combined %
A3: N | B3: =DATASET_SUMMARY!B10 | C3: =DATASET_SUMMARY!C10 | D3: =DATASET_SUMMARY!D10 | E3: =DATASET_SUMMARY!E10 | F3: =DATASET_SUMMARY!F10 | G3: =DATASET_SUMMARY!G10
A4: SVEB/A | B4: =DATASET_SUMMARY!B11 | C4: =DATASET_SUMMARY!C11 | D4: =DATASET_SUMMARY!D11 | E4: =DATASET_SUMMARY!E11 | F4: =DATASET_SUMMARY!F11 | G4: =DATASET_SUMMARY!G11
A5: VEB/PVC | B5: =DATASET_SUMMARY!B12 | C5: =DATASET_SUMMARY!C12 | D5: =DATASET_SUMMARY!D12 | E5: =DATASET_SUMMARY!E12 | F5: =DATASET_SUMMARY!F12 | G5: =DATASET_SUMMARY!G12
A6: F/VT | B6: =DATASET_SUMMARY!B13 | C6: =DATASET_SUMMARY!C13 | D6: =DATASET_SUMMARY!D13 | E6: =DATASET_SUMMARY!E13 | F6: =DATASET_SUMMARY!F13 | G6: =DATASET_SUMMARY!G13
A7: Q | B7: =DATASET_SUMMARY!B14 | C7: =DATASET_SUMMARY!C14 | D7: =DATASET_SUMMARY!D14 | E7: =DATASET_SUMMARY!E14 | F7: =DATASET_SUMMARY!F14 | G7: =DATASET_SUMMARY!G14

Sheet AUDIT_CHECKS
A1: Check # | B1: Check Description | C1: Expected | D1: Actual | E1: Status | F1: Notes
A2: 1 | B2: DS1 has exactly 22 records | C2: 22 | D2: 22 | E2: PASS | F2: DS1 training/validation patient pool count
A3: 2 | B3: DS2 has exactly 22 records | C3: 22 | D3: 22 | E3: PASS | F3: DS2 held-out test patient pool count
A4: 3 | B4: DS1 and DS2 record sets have zero overlap | C4: 0 overlap | D4: 0 overlap | E4: PASS | F4: Complete patient isolation verified
A5: 4 | B5: Every DS1 record has counts for all five labels | C5: 22 records | D5: 22 records | E5: PASS | F5: All 5 classes (N, SVEB, VEB, F/VT, Q) accounted for per DS1 record
A6: 5 | B6: Every DS2 record has counts for all five labels | C6: 22 records | D6: 22 records | E6: PASS | F6: All 5 classes (N, SVEB, VEB, F/VT, Q) accounted for per DS2 record
A7: 6 | B7: DS1 patient totals equal sum of class counts | C7: Equal for all 22 | D7: Equal | E7: PASS | F7: Patient beat total matches sum across N, SVEB, VEB, F/VT, Q
A8: 7 | B8: DS2 patient totals equal sum of class counts | C8: Equal for all 22 | D8: Equal | E8: PASS | F8: Patient beat total matches sum across N, SVEB, VEB, F/VT, Q
A9: 8 | B9: DS1 total equals sum of DS1 patient totals | C9: 51,448 | D9: 51,448 | E9: PASS | F9: DS1 grand total equals sum of all 22 DS1 patient totals
A10: 9 | B10: DS2 total equals sum of DS2 patient totals | C10: 49,659 | D10: 49,659 | E10: PASS | F10: DS2 grand total equals sum of all 22 DS2 patient totals
A11: 10 | B11: Combined total = DS1 + DS2 | C11: 101,107 | D11: 101,107 | E11: PASS | F11: Combined beat count equals DS1 + DS2
A12: 11 | B12: DS1 fold validation patients cover all 22 DS1 records exactly once | C12: ['101', '106', '108', '109', '112', '114', '115', '116', '118', '119', '122', '124', '201', '203', '205', '207', '208', '209', '215', '220', '223', '230'] | D12: ['101', '106', '108', '109', '112', '114', '115', '116', '118', '119', '122', '124', '201', '203', '205', '207', '208', '209', '215', '220', '223', '230'] | E12: PASS | F12: 5 validation folds form a complete partition of DS1
A13: 12 | B13: No patient appears in multiple validation folds | C13: No duplicates | D13: No duplicates | E13: PASS | F13: Validation folds are 100% disjoint
... A18: 17 | B18: Label mapping is identical to existing pipeline | C18: AAMI 5-Class Mapping | D18: AAMI 5-Class Mapping | E18: PASS | F18: Identical AAMI mapping: N(0), SVEB(1), VEB(2), F/VT(3), Q(4)
